game_id_x,event_id,quarter,z_loc,game_clock,game_id_y,recorded_game_clock,recorded_player_id,recorded_player_name,recorded_loc_x,recorded_loc_y,peak_shot_game_clock
21500170,77,1,4.109726666666667,452.0,21500170.0,455.0,202329.0,Al-Farouq Aminu,228.0,36.0,453.2
21500170,121,1,3.0012433333333335,632.0,21500170.0,636.0,201951.0,Ty Lawson,35.0,77.0,634.0
21500170,128,1,0.5456566666666668,689.6,21500170.0,693.0,203090.0,Maurice Harkless,22.0,-1.0,691.7
21500170,239,2,3.212055,1229.6,21500170.0,1232.0,2772.0,Trevor Ariza,-78.0,232.0,1230.8
21500170,266,2,1.3702933333333334,1377.9,21500170.0,1380.0,2730.0,Dwight Howard,-35.0,18.0,1378.4
21500170,423,4,0.85533,2294.7,21500170.0,2298.0,203468.0,CJ McCollum,9.0,124.0,2296.0
21500170,428,4,1.8187533333333334,2344.4,21500170.0,2348.0,203090.0,Maurice Harkless,109.0,131.0,2345.5
