game_id_x,event_id,quarter,z_loc,game_clock,game_id_y,recorded_game_clock,recorded_player_id,recorded_player_name,recorded_loc_x,recorded_loc_y,peak_shot_game_clock
21500658,24,1,3.01703,276.1,21500658.0,279.0,201188.0,Marc Gasol,-76.0,87.0,277.3
21500658,29,1,4.083730000000001,345.3,21500658.0,348.0,201188.0,Marc Gasol,-143.0,-1.0,346.4
21500658,388,4,0.5886150000000001,2305.6,21500658.0,2306.0,203498.0,Shabazz Muhammad,-47.0,57.0,2305.9
21500658,468,4,3.362905,2755.8,21500658.0,2759.0,2440.0,Matt Barnes,-212.0,124.0,2756.9
