game_id_x,event_id,quarter,z_loc,game_clock,game_id_y,recorded_game_clock,recorded_player_id,recorded_player_name,recorded_loc_x,recorded_loc_y,peak_shot_game_clock
21500296,9,1,7.471443333333333,73.2,21500296.0,76.0,201980.0,Danny Green,-89.0,31.0,73.7
21500296,164,2,5.21813,1063.6,21500296.0,1064.0,203092.0,Tyler Zeller,-7.0,46.0,1063.7
21500296,322,3,3.587043333333334,1968.8,21500296.0,1973.0,200746.0,LaMarcus Aldridge,86.0,90.0,1969.8
21500296,361,3,0.37941,2135.5,21500296.0,2136.0,201988.0,Patty Mills,145.0,75.0,2135.9
21500296,378,4,4.05019,2208.4,21500296.0,2210.0,1626154.0,RJ Hunter,223.0,51.0,2209.0
