game_id_x,event_id,quarter,z_loc,game_clock,game_id_y,recorded_game_clock,recorded_player_id,recorded_player_name,recorded_loc_x,recorded_loc_y,peak_shot_game_clock
21500598,2,1,3.326135,22.9,21500598.0,26.0,201936.0,Tyreke Evans,-12.0,-5.0,23.8
21500598,77,1,3.02275,509.0,21500598.0,512.0,201583.0,Ryan Anderson,-199.0,2.0,510.1
21500598,201,2,4.6024899999999995,1357.9,21500598.0,1359.0,201583.0,Ryan Anderson,-25.0,11.0,1358.1
21500598,214,2,4.114380000000001,1435.9,21500598.0,1440.0,201150.0,Spencer Hawes,223.0,-6.0,1437.1
21500598,216,2,4.114380000000001,1435.9,21500598.0,1440.0,1626163.0,Frank Kaminsky,22.0,8.0,1437.1
21500598,245,3,1.7476,1607.3,21500598.0,1611.0,201967.0,Dante Cunningham,-178.0,185.0,1608.7
21500598,269,3,3.18825,1800.4,21500598.0,1804.0,201569.0,Eric Gordon,12.0,7.0,1801.3
21500598,374,4,2.71703,2355.2,21500598.0,2358.0,202708.0,Norris Cole,138.0,159.0,2356.4
21500598,376,4,0.648595,2363.5,21500598.0,2366.0,202087.0,Alonzo Gee,0.0,1.0,2364.5
