game_id_x,event_id,quarter,z_loc,game_clock,game_id_y,recorded_game_clock,recorded_player_id,recorded_player_name,recorded_loc_x,recorded_loc_y,peak_shot_game_clock
21500082,82,1,3.6368650000000002,481.3,21500082.0,482.0,202339.0,Eric Bledsoe,-22.0,36.0,481.4
21500082,141,2,1.86209,831.8,21500082.0,835.0,1626169.0,Stanley Johnson,-163.0,183.0,833.0
21500082,211,2,1.0430599999999999,1192.9,21500082.0,1197.0,202693.0,Markieff Morris,-74.0,21.0,1194.2
21500082,312,3,5.024556666666666,1826.8,21500082.0,1830.0,203083.0,Andre Drummond,-55.0,65.0,1827.5
21500082,331,3,2.53776,1919.8,21500082.0,1923.0,202693.0,Markieff Morris,50.0,38.0,1920.9
21500082,408,4,9.54185,2261.5,21500082.0,2262.0,203933.0,TJ Warren,43.0,-1.0,2261.9
21500082,450,4,1.82424,2483.1,21500082.0,2487.0,202693.0,Markieff Morris,-99.0,183.0,2484.5
