game_id_x,event_id,quarter,z_loc,game_clock,game_id_y,recorded_game_clock,recorded_player_id,recorded_player_name,recorded_loc_x,recorded_loc_y,peak_shot_game_clock
21500086,129,2,2.479423333333333,787.4,21500086.0,791.0,203490.0,Otto Porter Jr.,-70.0,272.0,788.6
21500086,133,2,1.77797,813.6,21500086.0,816.0,201952.0,Jeff Teague,-65.0,237.0,815.2
21500086,210,2,0.9873149999999999,1171.0,21500086.0,1175.0,203490.0,Otto Porter Jr.,-9.0,7.0,1172.2
21500086,395,4,3.0367300000000004,2220.9,21500086.0,2224.0,201952.0,Jeff Teague,0.0,239.0,2222.1
21500086,397,4,0.3350033333333333,2225.3,21500086.0,2229.0,201143.0,Al Horford,143.0,13.0,2226.9
21500086,473,4,1.8638,2569.0,21500086.0,2573.0,203078.0,Bradley Beal,6.0,16.0,2570.1
21500086,474,4,0.99213,2597.0,21500086.0,2601.0,203471.0,Dennis Schroder,-233.0,8.0,2597.9
