game_id_x,event_id,quarter,z_loc,game_clock,game_id_y,recorded_game_clock,recorded_player_id,recorded_player_name,recorded_loc_x,recorded_loc_y,peak_shot_game_clock
21500371,34,1,1.2191,214.8,21500371.0,218.0,101109.0,Raymond Felton,-22.0,8.0,215.8
21500371,162,2,2.900245,865.3,21500371.0,867.0,201588.0,George Hill,0.0,1.0,865.9
21500371,174,2,4.054645,941.4,21500371.0,944.0,201978.0,Chase Budinger,164.0,-1.0,942.3
21500371,176,2,8.770675,945.8,21500371.0,948.0,101139.0,CJ Miles,1.0,0.0,946.1
21500371,179,2,0.7993099999999999,978.7,21500371.0,982.0,201580.0,JaVale McGee,0.0,1.0,980.0
21500371,420,4,3.448916666666667,2391.7,21500371.0,2394.0,101139.0,CJ Miles,220.0,154.0,2392.8
