game_id_x,event_id,quarter,z_loc,game_clock,game_id_y,recorded_game_clock,recorded_player_id,recorded_player_name,recorded_loc_x,recorded_loc_y,peak_shot_game_clock
21500182,90,1,0.74057,445.9,21500182.0,448.0,202695.0,Kawhi Leonard,-22.0,2.0,446.4
21500182,261,2,0.8109933333333333,1222.7,21500182.0,1224.0,203076.0,Anthony Davis,-1.0,-1.0,1223.5
21500182,300,3,2.95867,1456.5,21500182.0,1460.0,201569.0,Eric Gordon,15.0,2.0,1457.2
21500182,357,3,6.44004,1778.2,21500182.0,1781.0,200746.0,LaMarcus Aldridge,128.0,100.0,1779.0
21500182,365,3,0.9132733333333333,1857.1,21500182.0,1858.0,200746.0,LaMarcus Aldridge,-11.0,11.0,1857.9
21500182,526,4,0.9508749999999999,2651.0,21500182.0,2652.0,202695.0,Kawhi Leonard,-1.0,149.0,2651.5
