game_id_x,event_id,quarter,z_loc,game_clock,game_id_y,recorded_game_clock,recorded_player_id,recorded_player_name,recorded_loc_x,recorded_loc_y,peak_shot_game_clock
21500626,170,2,2.8100399999999994,902.3,21500626.0,906.0,203897.0,Zach LaVine,94.0,169.0,903.4
21500626,296,2,10.701625,1375.4,21500626.0,1377.0,201569.0,Eric Gordon,-143.0,218.0,1376.0
21500626,299,2,2.6719233333333334,1392.9,21500626.0,1395.0,201936.0,Tyreke Evans,-16.0,0.0,1393.9
21500626,338,3,3.441796666666667,1523.9,21500626.0,1528.0,1626157.0,Karl-Anthony Towns,86.0,2.0,1524.8
21500626,395,3,3.3969699999999996,1870.0,21500626.0,1874.0,201936.0,Tyreke Evans,153.0,72.0,1871.2
