game_id_x,event_id,quarter,z_loc,game_clock,game_id_y,recorded_game_clock,recorded_player_id,recorded_player_name,recorded_loc_x,recorded_loc_y,peak_shot_game_clock
21500637,45,1,3.6269233333333335,340.7,21500637.0,341.0,2585.0,Zaza Pachulia,122.0,13.0,340.9
21500637,75,1,3.5002633333333333,495.0,21500637.0,498.0,1626157.0,Karl-Anthony Towns,35.0,75.0,496.2
21500637,102,1,3.5934649999999997,580.5,21500637.0,583.0,101111.0,Charlie Villanueva,-25.0,11.0,581.1
21500637,113,1,3.77376,634.8,21500637.0,638.0,2734.0,Devin Harris,-5.0,14.0,635.9
21500637,315,3,3.185786666666667,1909.2,21500637.0,1912.0,203952.0,Andrew Wiggins,155.0,21.0,1910.3
21500637,320,3,2.36493,1929.8,21500637.0,1933.0,2734.0,Devin Harris,-148.0,198.0,1931.0
21500637,371,3,0.94173,2155.9,21500637.0,2159.0,200826.0,J.J. Barea,55.0,2.0,2157.0
