game_id_x,event_id,quarter,z_loc,game_clock,game_id_y,recorded_game_clock,recorded_player_id,recorded_player_name,recorded_loc_x,recorded_loc_y,peak_shot_game_clock
21500292,34,1,2.40221,229.2,21500292.0,232.0,202703.0,Nikola Mirotic,-150.0,-15.0,230.4
21500292,50,1,3.6337566666666667,364.7,21500292.0,365.0,2200.0,Pau Gasol,-6.0,10.0,364.9
21500292,239,2,0.93119,1401.7,21500292.0,1402.0,202689.0,Kemba Walker,-14.0,16.0,1401.9
21500292,240,2,0.93119,1401.7,21500292.0,1403.0,203469.0,Cody Zeller,0.0,1.0,1402.3
21500292,317,3,3.36745,1811.5,21500292.0,1815.0,203469.0,Cody Zeller,133.0,164.0,1812.0
21500292,318,3,1.4192,1825.3,21500292.0,1830.0,202710.0,Jimmy Butler,22.0,2.0,1825.5
21500292,425,4,0.824685,2353.6,21500292.0,2358.0,201959.0,Taj Gibson,-68.0,67.0,2354.7
