game_id_x,event_id,quarter,z_loc,game_clock,game_id_y,recorded_game_clock,recorded_player_id,recorded_player_name,recorded_loc_x,recorded_loc_y,peak_shot_game_clock
21500335,85,1,3.2390633333333327,513.5,21500335.0,516.0,203484.0,Kentavious Caldwell-Pope,0.0,7.0,514.6
21500335,290,3,3.312333333333333,1580.1,21500335.0,1583.0,203496.0,Robert Covington,-223.0,8.0,1581.3
21500335,293,3,3.06944,1582.8,21500335.0,1587.0,203457.0,Nerlens Noel,0.0,1.0,1583.5
21500335,353,3,3.501053333333333,1929.2,21500335.0,1932.0,202694.0,Marcus Morris,81.0,278.0,1930.3
21500335,364,3,2.8967799999999997,1975.4,21500335.0,1978.0,203477.0,Isaiah Canaan,6.0,38.0,1976.0
21500335,436,4,3.3431866666666665,2313.9,21500335.0,2316.0,203917.0,Nik Stauskas,0.0,8.0,2314.6
21500335,484,4,0.863635,2640.2,21500335.0,2643.0,203917.0,Nik Stauskas,-2.0,8.0,2641.6
21500335,513,4,10.67279,2794.8,21500335.0,2796.0,1626199.0,Darrun Hilliard,-127.0,110.0,2795.3
