game_id_x,event_id,quarter,z_loc,game_clock,game_id_y,recorded_game_clock,recorded_player_id,recorded_player_name,recorded_loc_x,recorded_loc_y,peak_shot_game_clock
21500274,2,1,10.64322,23.3,21500274.0,25.0,203991.0,Clint Capela,-11.0,26.0,23.6
21500274,3,1,10.64322,23.3,21500274.0,26.0,2730.0,Dwight Howard,-1.0,2.0,23.6
21500274,22,1,3.122755,166.4,21500274.0,169.0,201600.0,Omer Asik,0.0,36.0,167.4
21500274,23,1,3.122755,166.4,21500274.0,170.0,203076.0,Anthony Davis,0.0,1.0,167.4
21500274,524,4,2.272206666666667,2451.8,21500274.0,2455.0,201962.0,Toney Douglas,189.0,193.0,2453.0
21500274,535,4,11.527470000000001,2489.1,21500274.0,2491.0,201936.0,Tyreke Evans,102.0,38.0,2489.2
21500274,536,4,9.367596666666666,2490.6,21500274.0,2492.0,201600.0,Omer Asik,4.0,7.0,2491.0
21500274,584,4,4.944646666666667,2728.3,21500274.0,2730.0,2730.0,Dwight Howard,12.0,11.0,2729.0
