game_id_x,event_id,quarter,z_loc,game_clock,game_id_y,recorded_game_clock,recorded_player_id,recorded_player_name,recorded_loc_x,recorded_loc_y,peak_shot_game_clock
21500393,6,1,3.499273333333333,64.9,21500393.0,68.0,201601.0,Luc Mbah a Moute,-240.0,3.0,66.0
21500393,15,1,3.1091949999999997,171.3,21500393.0,172.0,201933.0,Blake Griffin,0.0,41.0,171.8
21500393,154,2,1.0077733333333334,1003.7,21500393.0,1007.0,201933.0,Blake Griffin,-129.0,124.0,1005.1
21500393,156,2,1.38495,1008.1,21500393.0,1012.0,201599.0,DeAndre Jordan,0.0,1.0,1009.2
21500393,179,2,3.2889033333333333,1146.2,21500393.0,1151.0,201933.0,Blake Griffin,40.0,242.0,1147.3
21500393,501,4,6.133805000000001,2774.6,21500393.0,2776.0,202695.0,Kawhi Leonard,-30.0,56.0,2774.9
