game_id_x,event_id,quarter,z_loc,game_clock,game_id_y,recorded_game_clock,recorded_player_id,recorded_player_name,recorded_loc_x,recorded_loc_y,peak_shot_game_clock
21500242,47,1,3.52628,320.7,21500242.0,322.0,200746.0,LaMarcus Aldridge,79.0,7.0,321.4
21500242,122,1,2.23778,706.6,21500242.0,707.0,203471.0,Dennis Schroder,-48.0,178.0,706.9
21500242,204,2,4.732053333333333,1147.6,21500242.0,1151.0,203488.0,Mike Muscala,-79.0,195.0,1148.7
21500242,388,4,1.13319,2184.5,21500242.0,2185.0,203145.0,Kent Bazemore,-6.0,47.0,2184.9
