game_id_x,event_id,quarter,z_loc,game_clock,game_id_y,recorded_game_clock,recorded_player_id,recorded_player_name,recorded_loc_x,recorded_loc_y,peak_shot_game_clock
21500286,114,1,1.352083333333333,715.5,21500286.0,716.0,101150.0,Lou Williams,-71.0,28.0,715.9
21500286,241,2,2.3189585148514853,1402.7,21500286.0,1403.0,200757.0,Thabo Sefolosha,161.0,80.0,1402.8
21500286,265,3,6.600370000000001,1590.0,21500286.0,1593.0,203944.0,Julius Randle,30.0,-1.0,1590.7
