game_id_x,event_id,quarter,z_loc,game_clock,game_id_y,recorded_game_clock,recorded_player_id,recorded_player_name,recorded_loc_x,recorded_loc_y,peak_shot_game_clock
21500028,82,1,0.87328,553.8,21500028.0,557.0,201988.0,Patty Mills,56.0,242.0,555.4
21500028,126,2,4.222166666666667,861.4,21500028.0,865.0,2561.0,David West,-19.0,16.0,862.3
21500028,465,4,9.811726666666667,2726.6,21500028.0,2728.0,2561.0,David West,50.0,47.0,2726.9
21500028,466,4,9.811726666666667,2726.6,21500028.0,2730.0,1626246.0,Boban Marjanovic,-11.0,7.0,2726.9
21500028,468,4,9.811726666666667,2726.6,21500028.0,2731.0,1626246.0,Boban Marjanovic,0.0,8.0,2726.9
