game_id_x,event_id,quarter,z_loc,game_clock,game_id_y,recorded_game_clock,recorded_player_id,recorded_player_name,recorded_loc_x,recorded_loc_y,peak_shot_game_clock
21500581,40,1,0.743275,272.6,21500581.0,275.0,201937.0,Ricky Rubio,-20.0,-1.0,273.8
21500581,70,1,0.683165,439.5,21500581.0,443.0,2772.0,Trevor Ariza,-24.0,7.0,441.1
21500581,242,2,0.525625,1206.6,21500581.0,1210.0,201593.0,Nikola Pekovic,-20.0,2.0,1208.1
21500581,344,3,3.65955,1749.0,21500581.0,1753.0,203952.0,Andrew Wiggins,-232.0,131.0,1750.2
21500581,379,3,2.9175166666666663,1977.4,21500581.0,1978.0,203093.0,Terrence Jones,-19.0,3.0,1977.8
21500581,581,4,0.46688666666666667,2864.7,21500581.0,2869.0,201935.0,James Harden,35.0,203.0,2866.9
21500581,587,4,3.294225,2878.7,21500581.0,2879.0,2755.0,Kevin Martin,-148.0,198.0,2878.9
