game_id_x,event_id,quarter,z_loc,game_clock,game_id_y,recorded_game_clock,recorded_player_id,recorded_player_name,recorded_loc_x,recorded_loc_y,peak_shot_game_clock
21500241,105,1,3.20658,717.6,21500241.0,720.0,2734.0,Devin Harris,7.0,-1.0,718.5
21500241,283,3,3.9429766666666666,1619.9,21500241.0,1623.0,201589.0,Darrell Arthur,51.0,100.0,1620.8
21500241,291,3,4.2387049999999995,1665.8,21500241.0,1669.0,201568.0,Danilo Gallinari,110.0,229.0,1666.7
21500241,486,4,1.9144299999999999,2677.2,21500241.0,2681.0,101114.0,Deron Williams,107.0,214.0,2678.5
